GYEAR,PCODE,T_ID,AGE_VA
2016,60100,LG,28
2016,60105,LG,25
2016,60146,LG,25
2016,60164,LG,25
2016,60181,LG,28
2016,60255,OB,25
2016,60263,NC,26
2016,60264,KT,25
2016,60304,NC,29
2016,60337,SK,25
2016,60339,WO,25
2016,60342,WO,29
2016,60343,KT,29
2016,60404,HH,28
2016,60441,OB,29
2016,60454,SS,25
2016,60456,SS,28
2016,60457,SS,28
2016,60464,SS,25
2016,60496,KT,26
2016,60523,LT,29
2016,60558,LT,25
2016,60559,LT,27
2016,60566,NC,27
2016,60605,HT,29
2016,60634,HT,25
2016,60636,HT,25
2016,60648,HT,25
2016,60658,HT,30
2016,60667,HH,30
2016,60713,HH,25
2016,60724,SS,29
2016,60757,HH,25
2016,60764,HH,25
2016,60768,HH,26
2016,60805,HH,29
2016,60841,SK,25
2016,60845,SK,29
2016,60848,KT,29
2016,60864,SK,29
2016,60865,KT,27
2016,60949,LG,29
2016,61101,LG,24
2016,61102,LG,24
2016,61108,LG,24
2016,61114,LG,27
2016,61145,LG,24
2016,61186,LG,28
2016,61194,LG,28
2016,61197,OB,28
2016,61204,LT,28
2016,61208,OB,28
2016,61214,OB,24
2016,61215,OB,28
2016,61240,OB,35
2016,61295,OB,24
2016,61323,NC,23
2016,61329,LG,28
2016,61353,WO,27
2016,61365,SS,28
2016,61366,WO,24
2016,61396,WO,24
2016,61411,SS,23
2016,61457,SS,28
2016,61463,SS,31
2016,61492,SS,28
2016,61527,OB,28
2016,61554,LT,27
2016,61557,SK,25
2016,61569,LT,29
2016,61591,LT,29
2016,61643,HT,24
2016,61652,HT,28
2016,61665,SS,26
2016,61666,HT,23
2016,61700,HH,24
2016,61715,HT,24
2016,61742,SS,28
2016,61743,HT,24
2016,61767,HH,24
2016,61891,LG,25
2016,61893,SK,24
2016,61895,SK,24
2016,61929,KT,28
2016,62007,LG,31
2016,62016,NC,27
2016,62056,SK,28
2016,62146,LG,27
2016,62147,LG,27
2016,62164,LG,27
2016,62234,OB,22
2016,62242,OB,27
2016,62244,OB,26
2016,62265,KT,27
2016,62302,WO,28
2016,62322,WO,37
2016,62332,WO,23
2016,62338,WO,23
2016,62349,HT,37
2016,62353,WO,27
2016,62363,WO,23
2016,62404,SS,23
2016,62406,SS,27
2016,62415,SS,26
2016,62463,LG,23
2016,62522,LT,30
2016,62528,LT,23
2016,62537,LG,26
2016,62556,LT,27
2016,62558,LT,22
2016,62559,LT,27
2016,62591,LT,27
2016,62611,HH,27
2016,62648,HT,23
2016,62655,LT,27
2016,62668,HT,27
2016,62698,LG,31
2016,62700,HH,22
2016,62768,HH,27
2016,62770,HH,23
2016,62797,HH,27
2016,62802,SK,24
2016,62864,SK,27
2016,62868,SK,28
2016,62869,SK,27
2016,62893,SK,27
2016,62895,SK,27
2016,62907,NC,23
2016,62908,NC,23
2016,62917,NC,23
2016,62926,NC,23
2016,62927,NC,27
2016,62929,NC,23
2016,62934,NC,23
2016,62937,WO,27
2016,62947,NC,27
2016,62951,NC,22
2016,62966,NC,27
2016,63027,SS,26
2016,63077,LG,31
2016,63088,KT,29
2016,63102,NC,26
2016,63111,LG,33
2016,63123,LG,22
2016,63145,LG,22
2016,63248,OB,21
2016,63257,OB,22
2016,63260,OB,22
2016,63339,WO,22
2016,63342,WO,22
2016,63360,WO,23
2016,63363,WO,22
2016,63440,SS,27
2016,63448,KT,23
2016,63464,SS,22
2016,63512,LT,22
2016,63634,HT,26
2016,63636,HT,26
2016,63638,HT,24
2016,63700,HH,22
2016,63704,HT,26
2016,63722,HT,22
2016,63791,HH,27
2016,63810,SK,33
2016,63894,SK,22
2016,63913,SS,26
2016,63914,NC,26
2016,63920,NC,25
2016,63935,LT,26
2016,63938,NC,33
2016,63950,NC,21
2016,63959,NC,26
2016,63963,NC,26
2016,63991,OB,26
2016,64001,KT,25
2016,64004,KT,21
2016,64006,KT,21
2016,64007,KT,25
2016,64017,KT,22
2016,64021,LT,21
2016,64022,LT,21
2016,64029,KT,21
2016,64041,KT,21
2016,64086,HH,26
2016,64100,LG,21
2016,64115,LG,21
2016,64153,LG,25
2016,64166,KT,21
2016,64204,OB,25
2016,64213,OB,25
2016,64255,OB,21
2016,64259,OB,27
2016,64267,OB,21
2016,64288,OB,25
2016,64300,WO,21
2016,64340,WO,21
2016,64346,WO,21
2016,64350,WO,21
2016,64396,WO,21
2016,64400,SS,26
2016,64468,SS,20
2016,64493,SS,25
2016,64498,SS,21
2016,64499,SS,25
2016,64596,LT,22
2016,64610,HT,25
2016,64646,HT,21
2016,64697,HT,20
2016,64699,HT,32
2016,64706,HH,25
2016,64717,HH,22
2016,64718,LT,24
2016,64724,HH,25
2016,64764,LT,22
2016,64768,SK,21
2016,64769,SS,25
2016,64802,SK,24
2016,64861,SK,21
2016,64890,SK,21
2016,64893,SK,24
2016,64895,SK,21
2016,64906,NC,24
2016,64907,NC,26
2016,64914,NC,30
2016,64944,NC,21
2016,64960,NC,25
2016,64984,NC,21
2016,64992,NC,25
2016,64995,NC,21
2016,65005,KT,33
2016,65040,KT,20
2016,65042,KT,23
2016,65044,KT,20
2016,65048,KT,24
2016,65056,KT,20
2016,65057,KT,24
2016,65058,KT,20
2016,65060,KT,21
2016,65062,KT,26
2016,65064,NC,24
2016,65067,KT,25
2016,65096,KT,21
2016,65103,LG,28
2016,65115,LG,20
2016,65120,LG,20
2016,65206,OB,24
2016,65241,OB,21
2016,65264,OB,20
2016,65293,OB,25
2016,65320,WO,19
2016,65331,KT,31
2016,65343,WO,20
2016,65345,WO,20
2016,65348,WO,20
2016,65357,WO,20
2016,65362,WO,20
2016,65368,WO,21
2016,65392,WO,20
2016,65399,WO,26
2016,65405,SS,24
2016,65412,SS,24
2016,65447,SS,24
2016,65464,SK,20
2016,65503,LT,20
2016,65506,LT,24
2016,65509,LT,20
2016,65513,LT,24
2016,65514,LT,20
2016,65515,LT,24
2016,65516,LT,20
2016,65522,LT,21
2016,65523,LT,31
2016,65543,LT,29
2016,65546,LT,28
2016,65591,LT,26
2016,65610,HT,20
2016,65617,HT,24
2016,65620,HT,20
2016,65653,HT,24
2016,65665,HT,24
2016,65696,HT,24
2016,65702,SK,24
2016,65707,HH,24
2016,65742,HH,31
2016,65764,HH,21
2016,65769,HH,21
2016,65827,SK,20
2016,65844,SK,20
2016,65856,SK,28
2016,65869,SK,24
2016,65894,SK,20
2016,65896,SK,20
2016,65898,WO,20
2016,65904,NC,23
2016,65931,NC,30
2016,65933,NC,19
2016,65949,NC,20
2016,65958,NC,20
2016,66023,KT,22
2016,66032,KT,33
2016,66039,KT,19
2016,66047,KT,19
2016,66049,KT,28
2016,66050,KT,32
2016,66052,KT,25
2016,66068,KT,19
2016,66108,LG,23
2016,66138,LG,32
2016,66145,LG,19
2016,66154,LG,29
2016,66160,LG,19
2016,66162,LG,18
2016,66201,OB,23
2016,66203,OB,23
2016,66207,OB,20
2016,66209,OB,23
2016,66226,OB,30
2016,66233,OB,19
2016,66243,OB,22
2016,66244,OB,30
2016,66306,WO,32
2016,66323,WO,32
2016,66324,WO,30
2016,66354,WO,19
2016,66357,WO,19
2016,66359,WO,19
2016,66367,WO,19
2016,66397,WO,20
2016,66398,WO,19
2016,66399,WO,19
2016,66402,SS,26
2016,66409,SS,23
2016,66423,SS,30
2016,66440,SS,30
2016,66444,SS,24
2016,66446,SS,28
2016,66451,SS,19
2016,66452,SS,33
2016,66462,SS,23
2016,66469,SS,19
2016,66492,SS,24
2016,66493,SS,23
2016,66504,LT,20
2016,66508,LT,25
2016,66523,LT,33
2016,66556,LT,19
2016,66557,LT,20
2016,66563,LT,23
2016,66565,LT,23
2016,66569,LT,19
2016,66606,HT,19
2016,66609,HT,20
2016,66628,HT,27
2016,66629,HT,21
2016,66630,HT,19
2016,66643,HT,29
2016,66657,HT,19
2016,66659,HT,19
2016,66660,HT,20
2016,66662,HT,18
2016,66663,HT,23
2016,66702,HH,20
2016,66705,HH,23
2016,66710,HH,19
2016,66740,HH,27
2016,66741,HH,23
2016,66742,HH,29
2016,66748,HH,31
2016,66749,HH,23
2016,66750,HH,27
2016,66801,SK,19
2016,66804,SK,23
2016,66805,SK,28
2016,66825,SK,28
2016,66833,SK,19
2016,66838,SK,26
2016,66858,SK,19
2016,66859,SK,23
2016,66864,SK,19
2016,66917,NC,19
2016,66920,NC,19
2016,66928,NC,19
2016,66943,NC,19
2016,66956,NC,19
2016,66960,NC,26
2016,66963,NC,19
2016,66965,NC,23
2016,66968,NC,23
2016,66990,NC,23
2016,66992,NC,23
2016,66995,NC,23
2016,67845,KT,30
2016,70142,HT,35
2016,70410,HT,35
2016,70425,HH,35
2016,70553,KT,35
2016,70615,LT,35
2016,70646,KT,36
2016,70756,HT,35
2016,70820,SK,35
2016,70839,LG,33
2016,71118,LG,33
2016,71184,HT,35
2016,71207,HT,38
2016,71260,HH,36
2016,71347,HH,34
2016,71432,SS,37
2016,71552,LT,33
2016,71562,LT,34
2016,71565,LT,34
2016,71610,HH,34
2016,71752,HH,34
2016,71801,LT,38
2016,71837,SK,34
2016,71842,LG,34
2016,71845,SK,34
2016,71848,SK,35
2016,71851,SS,35
2016,71857,SK,34
2016,72133,LG,37
2016,72214,OB,32
2016,72261,WO,33
2016,72303,HT,37
2016,72321,HT,33
2016,72324,SK,33
2016,72443,SS,33
2016,72447,HH,33
2016,72456,LG,33
2016,72463,SS,33
2016,72466,SS,33
2016,72523,HT,33
2016,72535,LT,34
2016,72546,LT,33
2016,72551,LT,37
2016,72559,HT,33
2016,72641,HT,33
2016,72649,SS,33
2016,72749,WO,37
2016,72860,SK,35
2016,72862,LT,33
2016,73113,KT,32
2016,73117,LG,31
2016,73136,HH,32
2016,73153,KT,33
2016,73209,SK,32
2016,73211,LT,32
2016,73213,NC,36
2016,73226,OB,35
2016,73228,SK,32
2016,73241,OB,36
2016,73248,SK,35
2016,73306,NC,32
2016,73339,NC,36
2016,73342,WO,36
2016,73602,HH,35
2016,73606,HT,32
2016,73632,SK,32
2016,73725,HH,35
2016,73738,HH,32
2016,73750,HH,32
2016,73801,HH,32
2016,73824,LG,36
2016,74139,LG,30
2016,74148,HH,31
2016,74158,SS,35
2016,74163,HH,31
2016,74167,HH,35
2016,74206,OB,31
2016,74215,WO,31
2016,74223,NC,35
2016,74339,KT,35
2016,74358,NC,31
2016,74359,WO,31
2016,74402,SS,35
2016,74454,SS,35
2016,74465,NC,31
2016,74513,OB,31
2016,74540,LT,31
2016,74543,KT,31
2016,74556,LT,31
2016,74605,HT,31
2016,74630,SS,31
2016,74729,HH,31
2016,74731,HH,31
2016,74745,HH,36
2016,74748,HH,32
2016,74756,HH,31
2016,74823,LG,31
2016,74838,SK,31
2016,74846,SK,35
2016,74857,HH,31
2016,75138,SK,34
2016,75149,KT,30
2016,75151,SK,30
2016,75250,SK,34
2016,75258,WO,30
2016,75261,SS,30
2016,75268,SS,31
2016,75321,LT,34
2016,75334,OB,30
2016,75340,SK,30
2016,75342,WO,30
2016,75441,NC,34
2016,75566,OB,30
2016,75620,HT,30
2016,75668,HT,30
2016,75730,KT,30
2016,75750,WO,30
2016,75808,HH,34
2016,75847,SK,29
2016,75852,NC,30
2016,75867,NC,31
2016,76100,LG,33
2016,76118,NC,29
2016,76140,HT,29
2016,76158,SK,28
2016,76232,OB,29
2016,76249,OB,29
2016,76262,SK,30
2016,76267,OB,28
2016,76304,KT,29
2016,76313,LT,29
2016,76322,WO,30
2016,76329,OB,33
2016,76350,WO,29
2016,76355,SS,33
2016,76368,WO,29
2016,76404,HH,29
2016,76430,WO,28
2016,76435,LT,32
2016,76455,SS,29
2016,76461,SS,29
2016,76469,KT,29
2016,76509,LT,29
2016,76536,LT,29
2016,76540,LT,29
2016,76610,HT,29
2016,76639,HT,29
2016,76650,LG,30
2016,76720,HH,29
2016,76746,HH,32
2016,76753,HH,33
2016,76757,LG,30
2016,76802,SK,29
2016,76812,SK,28
2016,76849,SK,29
2016,76858,SK,33
2016,76869,SK,29
2016,77104,KT,32
2016,77147,LG,36
2016,77211,OB,27
2016,77229,OB,28
2016,77243,HH,32
2016,77248,OB,31
2016,77253,OB,28
2016,77263,OB,28
2016,77318,KT,29
2016,77326,WO,28
2016,77446,SS,29
2016,77452,HH,33
2016,77454,NC,32
2016,77462,KT,28
2016,77463,WO,34
2016,77464,HH,28
2016,77532,LT,28
2016,77563,KT,28
2016,77564,WO,28
2016,77566,LT,28
2016,77591,LT,36
2016,77609,KT,32
2016,77637,HT,28
2016,77648,HT,32
2016,77669,LT,28
2016,77733,OB,28
2016,77829,SK,28
2016,77848,WO,28
2016,77869,SK,29
2016,77927,SS,28
2016,78119,LG,27
2016,78122,NC,27
2016,78135,LG,27
2016,78148,LG,26
2016,78168,WO,27
2016,78217,LG,31
2016,78224,OB,28
2016,78243,NC,27
2016,78247,OB,26
2016,78248,NC,32
2016,78257,OB,27
2016,78288,OB,27
2016,78352,NC,31
2016,78361,KT,27
2016,78366,NC,27
2016,78454,SS,27
2016,78467,SS,31
2016,78513,LT,30
2016,78517,KT,27
2016,78536,LT,32
2016,78548,KT,26
2016,78552,LT,31
2016,78566,LT,27
2016,78603,HT,27
2016,78629,HT,31
2016,78643,HT,27
2016,78666,HT,31
2016,78739,KT,31
2016,78745,HH,32
2016,78753,KT,28
2016,78756,HH,27
2016,78760,HH,31
2016,78765,HT,31
2016,78813,NC,31
2016,78850,LT,31
2016,78892,KT,34
2016,79109,LG,26
2016,79113,LG,26
2016,79130,WO,26
2016,79140,LG,27
2016,79150,LG,26
2016,79191,KT,30
2016,79192,LG,26
2016,79198,LG,30
2016,79215,OB,26
2016,79222,OB,26
2016,79229,OB,30
2016,79231,OB,26
2016,79235,OB,26
2016,79240,OB,26
2016,79290,OB,27
2016,79293,OB,31
2016,79300,WO,30
2016,79334,WO,26
2016,79339,LG,26
2016,79349,OB,26
2016,79356,LT,29
2016,79358,WO,26
2016,79364,KT,30
2016,79365,WO,26
2016,79402,SS,26
2016,79440,SS,26
2016,79448,SS,26
2016,79453,KT,30
2016,79456,SS,30
2016,79465,SS,30
2016,79535,OB,26
2016,79544,OB,32
2016,79545,LT,27
2016,79608,HT,26
2016,79617,HT,26
2016,79657,NC,26
2016,79705,HH,31
2016,79748,HH,29
2016,79758,HH,30
2016,79764,HH,26
2016,79791,SS,31
2016,79840,SK,26
2016,79847,SK,26
2016,79869,HH,26
2016,94629,NC,40
2016,95158,HH,40
2016,95436,SS,40
2016,95657,HT,40
2016,96462,LG,38
2016,97109,LG,42
2016,97336,HT,42
2016,97541,WO,39
2016,98144,HH,41
2016,99152,LG,36
2016,99222,OB,39
2016,99314,HH,39
2016,99445,SS,36
2016,99563,KT,36
2016,99606,LG,36
2016,99737,HH,40
2016,99810,KT,36
2017,60100,LG,29
2017,60105,LG,26
2017,60140,LG,30
2017,60146,SS,26
2017,60164,LG,26
2017,60181,LG,29
2017,60255,OB,26
2017,60263,NC,27
2017,60264,WO,26
2017,60337,SK,26
2017,60339,WO,26
2017,60343,KT,30
2017,60441,OB,30
2017,60456,SS,29
2017,60457,SS,29
2017,60464,SS,26
2017,60496,KT,27
2017,60523,LT,30
2017,60558,KT,26
2017,60559,LT,28
2017,60566,NC,28
2017,60605,HT,30
2017,60634,HT,26
2017,60636,HT,26
2017,60648,HT,26
2017,60658,HT,31
2017,60667,HH,31
2017,60693,HT,30
2017,60713,HH,26
2017,60724,KT,30
2017,60757,HH,26
2017,60764,HH,26
2017,60768,HH,27
2017,60805,HH,30
2017,60841,SK,26
2017,60845,SK,30
2017,60848,KT,30
2017,60865,KT,28
2017,60949,LG,30
2017,61101,LG,25
2017,61102,LG,25
2017,61104,SS,29
2017,61114,LG,28
2017,61156,LG,25
2017,61186,LG,29
2017,61197,SS,29
2017,61204,LT,29
2017,61208,OB,29
2017,61214,OB,25
2017,61215,OB,29
2017,61240,OB,36
2017,61329,LG,29
2017,61353,WO,28
2017,61360,SK,25
2017,61365,SS,29
2017,61366,WO,25
2017,61396,WO,25
2017,61404,SS,29
2017,61411,SS,24
2017,61456,WO,25
2017,61457,SS,29
2017,61463,SS,32
2017,61496,SS,31
2017,61554,LT,28
2017,61557,SK,26
2017,61591,LT,30
2017,61643,HT,25
2017,61652,SK,29
2017,61666,HT,24
2017,61700,HH,25
2017,61742,SS,29
2017,61743,HT,25
2017,61869,SK,25
2017,61891,LG,26
2017,61895,SK,25
2017,61929,KT,29
2017,62007,HT,32
2017,62016,NC,28
2017,62025,NC,28
2017,62056,SK,29
2017,62146,LG,28
2017,62147,LG,28
2017,62164,LG,28
2017,62234,OB,23
2017,62244,OB,27
2017,62265,KT,28
2017,62322,WO,38
2017,62332,WO,24
2017,62338,WO,24
2017,62353,WO,28
2017,62356,WO,24
2017,62363,WO,24
2017,62404,SS,24
2017,62406,SS,28
2017,62415,SS,27
2017,62463,LG,24
2017,62499,SS,24
2017,62528,LT,24
2017,62556,LT,28
2017,62559,LT,28
2017,62595,LT,29
2017,62637,HT,28
2017,62648,HT,24
2017,62696,HT,28
2017,62698,LG,32
2017,62700,HH,23
2017,62754,HT,24
2017,62768,HH,28
2017,62797,HH,28
2017,62802,SK,25
2017,62864,HT,28
2017,62868,SK,29
2017,62869,SK,28
2017,62884,SK,23
2017,62892,SK,24
2017,62893,HT,28
2017,62895,SK,28
2017,62907,NC,24
2017,62908,NC,24
2017,62917,NC,24
2017,62921,NC,24
2017,62925,NC,24
2017,62926,NC,24
2017,62927,NC,28
2017,62929,NC,24
2017,62931,NC,28
2017,62934,NC,24
2017,62937,WO,28
2017,62947,NC,28
2017,62951,NC,23
2017,62966,NC,28
2017,63027,SS,27
2017,63077,LG,32
2017,63088,KT,30
2017,63104,KT,27
2017,63111,LG,34
2017,63123,LG,23
2017,63148,LG,23
2017,63202,OB,23
2017,63248,OB,22
2017,63257,OB,23
2017,63260,OB,23
2017,63339,WO,23
2017,63342,WO,23
2017,63360,WO,24
2017,63450,KT,23
2017,63464,SS,23
2017,63512,LT,23
2017,63550,LT,23
2017,63554,LT,27
2017,63559,LT,27
2017,63593,LT,27
2017,63619,WO,28
2017,63634,SK,27
2017,63636,HT,27
2017,63704,SK,27
2017,63722,HT,23
2017,63749,HH,23
2017,63765,HH,23
2017,63894,SK,23
2017,63903,NC,23
2017,63913,LG,27
2017,63920,NC,26
2017,63938,NC,34
2017,63950,NC,22
2017,63959,NC,27
2017,63961,NC,23
2017,63963,NC,27
2017,64001,KT,26
2017,64006,KT,22
2017,64017,KT,23
2017,64021,LT,22
2017,64022,LT,22
2017,64029,KT,22
2017,64041,KT,22
2017,64051,WO,26
2017,64086,OB,27
2017,64100,LG,22
2017,64115,LG,22
2017,64153,LG,26
2017,64204,OB,26
2017,64255,OB,22
2017,64259,OB,28
2017,64266,OB,25
2017,64267,OB,22
2017,64288,OB,26
2017,64300,WO,22
2017,64346,WO,22
2017,64350,WO,22
2017,64396,WO,22
2017,64462,SS,22
2017,64464,SS,22
2017,64498,SS,22
2017,64557,LT,26
2017,64596,LT,23
2017,64610,SS,26
2017,64706,HH,26
2017,64717,HH,23
2017,64724,HH,26
2017,64759,HH,25
2017,64760,HH,22
2017,64764,LT,23
2017,64793,SS,26
2017,64861,SK,22
2017,64868,SK,28
2017,64907,KT,27
2017,64944,NC,22
2017,64995,NC,22
2017,65040,KT,21
2017,65042,KT,24
2017,65044,KT,21
2017,65056,KT,21
2017,65057,KT,25
2017,65058,KT,21
2017,65060,KT,22
2017,65062,KT,27
2017,65064,NC,25
2017,65067,KT,26
2017,65096,KT,22
2017,65103,LG,29
2017,65109,LG,22
2017,65115,LG,21
2017,65157,LG,21
2017,65264,OB,21
2017,65269,OB,21
2017,65293,OB,26
2017,65320,WO,20
2017,65331,KT,32
2017,65343,SK,21
2017,65345,WO,21
2017,65348,WO,21
2017,65357,WO,21
2017,65362,WO,21
2017,65368,WO,22
2017,65392,WO,21
2017,65399,WO,27
2017,65405,SS,25
2017,65412,SS,25
2017,65447,SS,25
2017,65464,SK,21
2017,65506,LT,25
2017,65509,LT,21
2017,65513,LT,25
2017,65514,LT,21
2017,65516,KT,21
2017,65543,LT,30
2017,65546,LT,29
2017,65616,HT,24
2017,65643,HT,25
2017,65653,HT,25
2017,65696,HT,25
2017,65764,HH,22
2017,65769,HH,22
2017,65844,SK,21
2017,65856,SK,29
2017,65896,SK,21
2017,65898,WO,21
2017,65908,NC,21
2017,65933,NC,20
2017,66005,KT,24
2017,66023,KT,23
2017,66047,KT,20
2017,66052,KT,26
2017,66098,KT,24
2017,66112,LG,20
2017,66138,LG,33
2017,66145,LG,20
2017,66160,LG,20
2017,66162,LG,19
2017,66201,OB,24
2017,66203,OB,24
2017,66207,OB,21
2017,66209,OB,24
2017,66226,OB,31
2017,66244,OB,31
2017,66291,OB,20
2017,66302,WO,24
2017,66305,WO,23
2017,66306,WO,33
2017,66309,WO,21
2017,66354,WO,20
2017,66357,WO,20
2017,66359,WO,20
2017,66367,WO,20
2017,66397,WO,21
2017,66398,WO,20
2017,66399,WO,20
2017,66406,SS,24
2017,66409,SS,24
2017,66444,SS,25
2017,66451,SS,20
2017,66462,SS,24
2017,66469,SS,20
2017,66492,SS,25
2017,66493,SS,24
2017,66504,LT,21
2017,66508,LT,26
2017,66563,LT,24
2017,66565,LT,24
2017,66569,LT,20
2017,66606,HT,20
2017,66614,HT,20
2017,66615,HT,20
2017,66630,HT,20
2017,66643,HT,30
2017,66657,HT,20
2017,66659,HT,20
2017,66660,HT,21
2017,66662,HT,19
2017,66702,HH,21
2017,66704,HH,20
2017,66705,HH,24
2017,66707,HH,20
2017,66710,HH,20
2017,66716,HH,24
2017,66740,HH,28
2017,66741,HH,24
2017,66749,HH,24
2017,66801,SK,20
2017,66804,HT,24
2017,66833,SK,20
2017,66838,SK,27
2017,66858,SK,20
2017,66859,SK,24
2017,66864,SK,20
2017,66917,NC,20
2017,66920,NC,20
2017,66928,NC,20
2017,66960,NC,27
2017,66965,NC,24
2017,66968,NC,24
2017,66992,NC,24
2017,67005,KT,20
2017,67006,KT,19
2017,67024,KT,31
2017,67025,KT,27
2017,67033,KT,28
2017,67045,KT,19
2017,67048,KT,20
2017,67066,KT,20
2017,67092,KT,22
2017,67119,LG,19
2017,67134,LG,33
2017,67143,LG,19
2017,67159,LG,19
2017,67164,LG,19
2017,67168,LG,20
2017,67169,LG,18
2017,67202,OB,19
2017,67207,OB,19
2017,67246,OB,24
2017,67259,OB,19
2017,67260,OB,20
2017,67262,OB,23
2017,67264,OB,19
2017,67265,OB,19
2017,67266,OB,19
2017,67269,OB,20
2017,67304,WO,18
2017,67312,WO,30
2017,67313,WO,29
2017,67341,WO,19
2017,67360,WO,19
2017,67394,WO,28
2017,67421,SS,19
2017,67423,SS,28
2017,67435,SS,28
2017,67443,SS,20
2017,67449,SS,18
2017,67450,SS,31
2017,67454,SS,23
2017,67467,SS,19
2017,67504,LT,19
2017,67539,LT,19
2017,67558,LT,27
2017,67559,LT,30
2017,67569,LT,23
2017,67588,LT,18
2017,67591,LT,23
2017,67598,LT,27
2017,67610,HT,18
2017,67640,HT,19
2017,67644,HT,23
2017,67645,HT,28
2017,67646,HT,23
2017,67650,HT,33
2017,67668,HT,19
2017,67703,HH,23
2017,67708,HH,19
2017,67737,HH,25
2017,67742,HH,34
2017,67748,HH,34
2017,67762,HH,19
2017,67768,HH,19
2017,67815,SK,31
2017,67827,SK,32
2017,67828,WO,23
2017,67840,SK,30
2017,67863,SK,19
2017,67872,SK,32
2017,67893,SK,19
2017,67894,SK,18
2017,67900,NC,19
2017,67901,NC,23
2017,67902,NC,19
2017,67935,NC,30
2017,67944,NC,26
2017,67948,NC,32
2017,67954,NC,19
2017,67956,NC,19
2017,67962,NC,18
2017,67991,NC,20
2017,67993,NC,18
2017,70142,HT,36
2017,70410,HT,36
2017,70425,HH,36
2017,70553,KT,36
2017,70615,LT,36
2017,70646,KT,37
2017,70756,HT,36
2017,70839,LG,34
2017,71118,LG,34
2017,71184,SK,36
2017,71207,HT,39
2017,71260,HH,37
2017,71347,HH,35
2017,71432,SS,38
2017,71552,LT,34
2017,71562,LT,35
2017,71564,LT,35
2017,71565,LT,35
2017,71610,HH,35
2017,71752,HH,35
2017,71801,LT,39
2017,71837,SK,35
2017,71842,LG,35
2017,71845,SK,35
2017,71848,SK,36
2017,71857,SK,35
2017,72133,LG,38
2017,72261,WO,34
2017,72321,HT,34
2017,72324,SK,34
2017,72443,HT,34
2017,72447,HH,34
2017,72456,LG,34
2017,72466,SS,34
2017,72523,HT,34
2017,72535,LT,35
2017,72546,LT,34
2017,72551,LT,38
2017,72559,HT,34
2017,72641,HT,34
2017,72649,SS,34
2017,72749,WO,38
2017,72860,SK,36
2017,72862,LT,34
2017,73113,KT,33
2017,73117,SS,32
2017,73136,HH,33
2017,73153,KT,34
2017,73209,SK,33
2017,73211,LT,33
2017,73213,NC,37
2017,73226,OB,36
2017,73248,OB,36
2017,73306,NC,33
2017,73339,NC,37
2017,73342,WO,37
2017,73602,HH,36
2017,73606,HT,33
2017,73632,SK,33
2017,73725,HH,36
2017,73738,HH,33
2017,73750,HH,33
2017,73801,HH,33
2017,73824,SS,37
2017,74139,LG,31
2017,74163,HH,32
2017,74167,HH,36
2017,74206,OB,32
2017,74215,KT,32
2017,74339,KT,36
2017,74358,NC,32
2017,74359,WO,32
2017,74454,SS,36
2017,74465,NC,32
2017,74513,OB,32
2017,74540,LT,32
2017,74543,KT,32
2017,74605,HT,32
2017,74630,SS,32
2017,74729,HH,32
2017,74731,HH,32
2017,74748,HH,33
2017,74823,LG,32
2017,74838,SK,32
2017,74846,SK,36
2017,74857,HH,32
2017,75138,SK,35
2017,75149,KT,31
2017,75151,SK,31
2017,75250,SK,35
2017,75258,WO,31
2017,75321,LT,35
2017,75334,OB,31
2017,75340,SK,31
2017,75342,WO,31
2017,75441,NC,35
2017,75537,LT,32
2017,75566,SS,31
2017,75620,HT,31
2017,75668,HT,31
2017,75730,KT,31
2017,75750,WO,31
2017,75808,HH,35
2017,75847,SK,30
2017,75852,NC,31
2017,75867,NC,32
2017,76100,LG,34
2017,76118,NC,30
2017,76158,SK,29
2017,76225,LT,29
2017,76232,OB,30
2017,76249,OB,30
2017,76267,OB,29
2017,76304,KT,30
2017,76329,OB,34
2017,76350,HT,30
2017,76355,SS,34
2017,76368,HT,30
2017,76430,WO,29
2017,76435,LT,33
2017,76455,LG,30
2017,76461,SS,30
2017,76509,LT,30
2017,76536,LT,30
2017,76540,LT,30
2017,76610,HT,30
2017,76639,HT,30
2017,76650,LG,31
2017,76653,HT,30
2017,76720,HH,30
2017,76746,WO,33
2017,76753,HH,34
2017,76757,LG,31
2017,76802,SK,30
2017,76812,SK,29
2017,76849,HT,30
2017,76858,SK,34
2017,76869,SK,30
2017,77104,KT,33
2017,77147,LG,37
2017,77211,OB,28
2017,77229,OB,29
2017,77243,HH,33
2017,77248,OB,32
2017,77253,OB,29
2017,77263,OB,29
2017,77318,LT,30
2017,77446,SS,30
2017,77452,HH,34
2017,77454,NC,33
2017,77462,KT,29
2017,77463,WO,35
2017,77464,HH,29
2017,77466,SS,28
2017,77532,LT,29
2017,77563,KT,29
2017,77564,WO,29
2017,77566,LT,29
2017,77591,LT,37
2017,77609,KT,33
2017,77637,HT,29
2017,77648,HT,33
2017,77654,KT,29
2017,77669,LT,29
2017,77748,HH,30
2017,77829,SK,29
2017,77848,WO,29
2017,77927,SS,29
2017,78122,NC,28
2017,78135,LG,28
2017,78148,LG,27
2017,78168,WO,28
2017,78217,LG,32
2017,78224,OB,29
2017,78243,NC,28
2017,78247,OB,27
2017,78257,OB,28
2017,78288,HH,28
2017,78352,NC,32
2017,78361,KT,28
2017,78366,NC,28
2017,78454,SS,28
2017,78467,SS,32
2017,78513,LT,31
2017,78517,KT,28
2017,78536,LT,33
2017,78548,KT,27
2017,78552,HH,32
2017,78566,LT,28
2017,78603,HT,28
2017,78629,HT,32
2017,78643,HT,28
2017,78745,HH,33
2017,78753,KT,29
2017,78756,HH,28
2017,78760,HH,32
2017,78765,HT,32
2017,78813,NC,32
2017,78819,SK,30
2017,78892,KT,35
2017,79109,LG,27
2017,79113,LG,27
2017,79130,WO,27
2017,79140,LG,28
2017,79150,LG,27
2017,79191,KT,31
2017,79192,LG,27
2017,79198,LG,31
2017,79215,OB,27
2017,79222,OB,27
2017,79229,OB,31
2017,79235,OB,27
2017,79240,OB,27
2017,79290,OB,28
2017,79293,OB,32
2017,79300,WO,31
2017,79334,WO,27
2017,79349,OB,27
2017,79356,LT,30
2017,79358,NC,27
2017,79364,NC,31
2017,79365,WO,27
2017,79402,SS,27
2017,79440,SS,27
2017,79448,SS,27
2017,79453,KT,31
2017,79456,SS,31
2017,79465,SS,31
2017,79545,LT,28
2017,79608,HT,27
2017,79617,HT,27
2017,79657,NC,27
2017,79705,HH,32
2017,79764,HH,27
2017,79791,SS,32
2017,79825,LG,31
2017,79847,SK,27
2017,94629,NC,41
2017,95436,SS,41
2017,95657,HT,41
2017,97336,HT,43
2017,98144,HH,42
2017,99314,HH,40
2017,99445,SS,37
2017,99563,KT,37
2017,99606,LG,37
2017,99737,HH,41
2017,99810,KT,37
2018,60100,HH,30
2018,60105,LG,27
2018,60140,LG,31
2018,60146,SS,27
2018,60181,LG,30
2018,60184,HH,27
2018,60255,OB,27
2018,60263,NC,28
2018,60288,SS,27
2018,60336,WO,27
2018,60337,SK,27
2018,60339,NC,27
2018,60343,KT,31
2018,60441,OB,31
2018,60456,SS,30
2018,60523,LT,31
2018,60558,KT,27
2018,60559,LT,29
2018,60566,NC,29
2018,60605,HT,31
2018,60634,HT,27
2018,60636,HT,27
2018,60648,HT,27
2018,60658,HT,32
2018,60693,HT,31
2018,60757,HH,27
2018,60764,KT,27
2018,60768,HH,28
2018,60805,HH,31
2018,60841,SK,27
2018,60845,LG,31
2018,61101,LG,26
2018,61102,LG,26
2018,61104,SS,30
2018,61114,LG,29
2018,61145,LG,26
2018,61186,LG,30
2018,61197,SS,30
2018,61204,LT,30
2018,61208,OB,30
2018,61214,OB,26
2018,61240,KT,37
2018,61268,WO,26
2018,61295,OB,26
2018,61329,LG,30
2018,61353,WO,29
2018,61360,OB,26
2018,61365,SS,30
2018,61366,WO,26
2018,61396,WO,26
2018,61404,SS,30
2018,61411,SS,25
2018,61456,WO,26
2018,61457,SS,30
2018,61496,SS,32
2018,61554,HH,29
2018,61557,LT,27
2018,61566,LT,26
2018,61591,LT,31
2018,61643,HT,26
2018,61652,SK,30
2018,61666,HT,25
2018,61700,HH,26
2018,61743,KT,26
2018,61865,SK,29
2018,61869,SK,26
2018,61891,LG,27
2018,61895,SK,26
2018,61896,SK,26
2018,61962,OB,30
2018,62007,HT,33
2018,62016,NC,29
2018,62025,NC,29
2018,62056,SK,30
2018,62146,LG,29
2018,62147,LG,29
2018,62160,SK,24
2018,62164,LG,29
2018,62234,OB,24
2018,62244,OB,28
2018,62263,OB,25
2018,62265,HT,29
2018,62332,WO,25
2018,62353,WO,29
2018,62356,WO,25
2018,62360,WO,26
2018,62363,WO,25
2018,62404,SS,25
2018,62409,SS,29
2018,62415,SS,28
2018,62499,SS,25
2018,62528,LT,25
2018,62537,NC,28
2018,62556,LT,29
2018,62559,LT,29
2018,62595,LT,30
2018,62611,HH,29
2018,62637,HT,29
2018,62648,HT,25
2018,62655,LT,29
2018,62696,HT,29
2018,62698,LG,33
2018,62700,HH,24
2018,62748,HH,24
2018,62754,HT,25
2018,62770,HH,25
2018,62797,HH,29
2018,62802,SK,26
2018,62864,HT,29
2018,62869,SK,29
2018,62884,SK,24
2018,62892,SK,25
2018,62893,HT,29
2018,62895,SK,29
2018,62907,NC,25
2018,62908,HT,25
2018,62917,NC,25
2018,62918,LG,25
2018,62920,NC,29
2018,62921,NC,25
2018,62925,NC,25
2018,62929,NC,25
2018,62931,NC,29
2018,62934,NC,25
2018,62937,WO,29
2018,62947,NC,29
2018,62951,NC,24
2018,62966,NC,29
2018,63027,SS,28
2018,63088,KT,31
2018,63111,LG,35
2018,63123,SK,24
2018,63125,LG,27
2018,63137,HT,24
2018,63145,LG,24
2018,63202,OB,24
2018,63248,OB,23
2018,63257,OB,24
2018,63260,NC,24
2018,63292,OB,23
2018,63342,WO,24
2018,63348,WO,29
2018,63360,LG,25
2018,63440,OB,29
2018,63448,KT,25
2018,63450,KT,24
2018,63512,LT,24
2018,63543,LT,28
2018,63554,LT,28
2018,63559,OB,28
2018,63593,LT,28
2018,63619,WO,29
2018,63628,HT,29
2018,63638,HT,26
2018,63704,SK,28
2018,63722,HT,24
2018,63749,HH,24
2018,63765,HH,24
2018,63895,SK,24
2018,63903,NC,24
2018,63905,LG,24
2018,63936,NC,28
2018,63938,WO,35
2018,63950,NC,23
2018,63960,WO,28
2018,63963,NC,28
2018,63967,NC,28
2018,63991,NC,28
2018,64001,KT,27
2018,64006,KT,23
2018,64011,KT,26
2018,64012,KT,27
2018,64014,KT,28
2018,64017,KT,24
2018,64021,LT,23
2018,64022,LT,23
2018,64029,KT,23
2018,64051,WO,27
2018,64055,LT,27
2018,64086,OB,28
2018,64115,LG,23
2018,64117,LG,27
2018,64153,LG,27
2018,64155,LG,23
2018,64166,KT,23
2018,64255,OB,23
2018,64266,SS,26
2018,64300,WO,23
2018,64346,WO,23
2018,64350,WO,23
2018,64407,SS,23
2018,64410,SS,28
2018,64462,SS,23
2018,64464,SS,23
2018,64469,SS,24
2018,64499,SS,27
2018,64504,LT,26
2018,64554,HH,26
2018,64560,HT,27
2018,64565,LT,27
2018,64594,NC,27
2018,64610,SS,27
2018,64657,HT,27
2018,64717,HH,24
2018,64718,LT,26
2018,64724,HH,27
2018,64759,HH,26
2018,64760,HH,23
2018,64793,SS,27
2018,64805,SK,23
2018,64868,SK,29
2018,64893,SK,26
2018,64906,NC,26
2018,64907,KT,28
2018,64944,NC,23
2018,64984,NC,23
2018,64987,NC,27
2018,64995,NC,23
2018,65040,KT,22
2018,65042,KT,25
2018,65044,KT,22
2018,65048,KT,26
2018,65056,KT,22
2018,65058,KT,22
2018,65060,KT,23
2018,65062,KT,28
2018,65064,OB,26
2018,65067,LT,27
2018,65096,KT,23
2018,65109,LG,23
2018,65115,LG,22
2018,65132,LG,22
2018,65136,LG,27
2018,65157,LG,22
2018,65209,OB,26
2018,65269,OB,22
2018,65320,WO,21
2018,65331,KT,33
2018,65343,SK,22
2018,65345,WO,22
2018,65357,WO,22
2018,65392,WO,22
2018,65399,WO,28
2018,65412,SS,26
2018,65509,LT,22
2018,65514,LT,22
2018,65516,KT,22
2018,65543,OB,31
2018,65546,LT,30
2018,65586,LT,26
2018,65616,HT,25
2018,65618,HT,27
2018,65639,HT,22
2018,65643,HT,26
2018,65661,HT,26
2018,65703,HH,22
2018,65742,WO,33
2018,65764,HH,23
2018,65769,HH,23
2018,65802,SK,22
2018,65844,SS,22
2018,65856,SK,30
2018,65896,SK,22
2018,65908,NC,22
2018,65933,NC,21
2018,65964,NC,22
2018,66018,WO,27
2018,66047,KT,21
2018,66052,KT,27
2018,66064,KT,21
2018,66068,WO,21
2018,66098,KT,25
2018,66108,LG,25
2018,66112,LG,21
2018,66145,LG,21
2018,66160,OB,21
2018,66162,LG,20
2018,66201,OB,25
2018,66207,OB,22
2018,66209,OB,25
2018,66291,OB,21
2018,66354,WO,21
2018,66357,WO,21
2018,66392,WO,25
2018,66397,WO,22
2018,66398,WO,21
2018,66399,WO,21
2018,66406,SS,25
2018,66444,SS,26
2018,66451,SS,21
2018,66462,SS,25
2018,66469,SS,21
2018,66492,SS,26
2018,66504,LT,22
2018,66508,LT,27
2018,66558,LT,21
2018,66606,HT,21
2018,66609,HT,22
2018,66615,HT,21
2018,66643,HT,31
2018,66662,HT,20
2018,66702,HH,22
2018,66704,HH,21
2018,66706,HH,25
2018,66710,HH,21
2018,66715,HH,24
2018,66716,HH,25
2018,66741,HH,25
2018,66804,HT,25
2018,66833,SK,21
2018,66838,SK,28
2018,66858,SK,21
2018,66859,SK,25
2018,66864,SK,21
2018,66917,NC,21
2018,66920,NC,21
2018,66960,NC,28
2018,66965,NC,25
2018,66968,NC,25
2018,66992,NC,25
2018,67005,KT,21
2018,67025,KT,28
2018,67048,KT,21
2018,67066,KT,21
2018,67119,LG,20
2018,67122,LG,20
2018,67143,LG,20
2018,67202,OB,20
2018,67207,OB,20
2018,67246,OB,25
2018,67263,OB,24
2018,67266,OB,20
2018,67304,WO,19
2018,67313,WO,30
2018,67341,WO,20
2018,67360,WO,20
2018,67394,WO,29
2018,67421,SS,20
2018,67443,SS,21
2018,67449,SS,19
2018,67450,SS,32
2018,67454,LT,24
2018,67467,SS,20
2018,67539,LT,20
2018,67588,LT,19
2018,67598,LT,28
2018,67603,WO,19
2018,67610,HT,19
2018,67640,HT,20
2018,67645,HT,29
2018,67650,HT,34
2018,67668,HT,20
2018,67703,HH,24
2018,67737,HH,26
2018,67760,HH,23
2018,67762,HH,20
2018,67768,HH,20
2018,67828,WO,24
2018,67840,SK,31
2018,67863,SK,20
2018,67872,SK,33
2018,67893,SK,20
2018,67935,NC,31
2018,67944,NC,27
2018,67993,NC,19
2018,68036,KT,19
2018,68043,KT,19
2018,68050,KT,19
2018,68067,KT,22
2018,68068,KT,19
2018,68069,KT,19
2018,68092,KT,21
2018,68097,KT,19
2018,68100,LG,19
2018,68103,LG,33
2018,68119,LG,21
2018,68130,LG,19
2018,68135,LG,29
2018,68157,LG,23
2018,68159,LG,19
2018,68200,OB,19
2018,68201,OB,23
2018,68204,OB,19
2018,68205,OB,19
2018,68207,OB,20
2018,68208,OB,19
2018,68209,OB,19
2018,68211,OB,23
2018,68220,OB,19
2018,68240,OB,30
2018,68242,OB,19
2018,68244,OB,30
2018,68245,OB,32
2018,68249,OB,19
2018,68260,OB,25
2018,68302,WO,19
2018,68330,WO,19
2018,68341,WO,19
2018,68345,WO,31
2018,68346,WO,20
2018,68362,WO,19
2018,68400,SS,28
2018,68415,SS,19
2018,68419,SS,23
2018,68435,SS,31
2018,68453,SS,19
2018,68454,SS,19
2018,68463,SS,19
2018,68466,SS,23
2018,68468,SS,19
2018,68504,LT,23
2018,68525,LT,19
2018,68526,LT,31
2018,68529,LT,20
2018,68556,LT,23
2018,68585,LT,20
2018,68589,LT,23
2018,68639,HT,19
2018,68646,HT,19
2018,68659,HT,19
2018,68661,HT,23
2018,68669,HT,19
2018,68701,HH,18
2018,68703,HH,19
2018,68707,HH,19
2018,68730,HH,29
2018,68742,HH,28
2018,68743,HH,18
2018,68748,HH,27
2018,68794,HH,31
2018,68797,HH,19
2018,68798,HH,19
2018,68815,SK,29
2018,68830,SK,19
2018,68848,SK,19
2018,68856,SK,19
2018,68868,SK,19
2018,68869,SK,19
2018,68896,SK,20
2018,68900,NC,18
2018,68901,NC,19
2018,68904,NC,18
2018,68906,NC,20
2018,68908,NC,19
2018,68909,NC,20
2018,68912,NC,19
2018,68928,NC,19
2018,68948,NC,26
2018,68953,NC,28
2018,68968,NC,24
2018,70410,HT,37
2018,70425,HH,37
2018,70553,KT,37
2018,70756,HT,37
2018,71118,LG,35
2018,71184,SK,37
2018,71347,HH,36
2018,71432,SS,39
2018,71552,NC,35
2018,71564,LT,36
2018,71752,HH,36
2018,71837,SK,36
2018,71842,LG,36
2018,71845,SK,36
2018,71848,SK,37
2018,72133,LG,39
2018,72443,HT,35
2018,72447,HH,35
2018,72456,SS,35
2018,72466,SS,35
2018,72523,LT,35
2018,72535,LT,36
2018,72546,LT,35
2018,72551,LT,39
2018,72559,HT,35
2018,72860,SK,37
2018,72862,LT,35
2018,73113,KT,34
2018,73117,SS,33
2018,73136,HH,34
2018,73153,KT,35
2018,73209,SK,34
2018,73211,LT,34
2018,73213,NC,38
2018,73248,OB,37
2018,73306,NC,34
2018,73339,NC,38
2018,73342,WO,38
2018,73606,HT,34
2018,73632,SK,34
2018,73738,HH,34
2018,73750,HH,34
2018,73801,HH,34
2018,74163,HH,33
2018,74167,HH,37
2018,74206,OB,33
2018,74215,KT,33
2018,74339,KT,37
2018,74358,NC,33
2018,74359,WO,33
2018,74454,SS,37
2018,74465,NC,33
2018,74513,OB,33
2018,74540,SS,33
2018,74543,OB,33
2018,74605,HT,33
2018,74630,SS,33
2018,74729,HH,33
2018,74731,HH,33
2018,74748,SK,34
2018,74823,LG,33
2018,74838,SK,33
2018,74846,SK,37
2018,74857,HH,33
2018,75125,WO,32
2018,75138,SK,36
2018,75149,KT,32
2018,75151,SK,32
2018,75250,SK,36
2018,75258,KT,32
2018,75321,LT,36
2018,75334,OB,32
2018,75340,SK,32
2018,75342,WO,32
2018,75537,LT,33
2018,75566,SS,32
2018,75620,HT,32
2018,75668,HT,32
2018,75730,KT,32
2018,75808,HH,36
2018,75847,SK,31
2018,75867,NC,33
2018,76100,LT,35
2018,76118,NC,31
2018,76158,SK,30
2018,76225,LT,30
2018,76232,OB,31
2018,76249,LT,31
2018,76267,OB,30
2018,76290,LG,30
2018,76313,KT,31
2018,76329,OB,35
2018,76350,HT,31
2018,76355,SS,35
2018,76368,HT,31
2018,76430,WO,30
2018,76455,LG,31
2018,76461,SS,31
2018,76509,LT,31
2018,76540,LT,31
2018,76610,SS,31
2018,76639,HT,31
2018,76650,LG,32
2018,76653,HT,31
2018,76720,NC,31
2018,76746,WO,34
2018,76753,HH,35
2018,76757,NC,32
2018,76802,SK,31
2018,76812,SK,30
2018,76849,HT,31
2018,76858,SK,35
2018,76869,SK,31
2018,77147,LG,38
2018,77211,OB,29
2018,77243,SK,34
2018,77248,OB,33
2018,77263,OB,30
2018,77318,LT,31
2018,77446,SS,31
2018,77452,HH,35
2018,77462,KT,30
2018,77463,LT,36
2018,77466,SS,29
2018,77532,LT,30
2018,77563,KT,30
2018,77564,WO,30
2018,77591,LT,38
2018,77637,HT,30
2018,77648,HT,34
2018,77654,KT,30
2018,77748,HH,31
2018,77829,SK,30
2018,77927,SS,30
2018,78135,LG,29
2018,78148,LG,28
2018,78168,WO,29
2018,78217,LG,33
2018,78224,OB,30
2018,78247,OB,28
2018,78248,KT,34
2018,78288,HH,29
2018,78352,NC,33
2018,78361,KT,29
2018,78366,NC,29
2018,78467,HT,33
2018,78513,LT,32
2018,78517,KT,29
2018,78536,LT,34
2018,78548,KT,28
2018,78552,HH,33
2018,78566,LT,29
2018,78603,HT,29
2018,78629,HT,33
2018,78643,HT,29
2018,78753,KT,30
2018,78756,HH,29
2018,78813,NC,33
2018,78819,SK,31
2018,79109,LG,28
2018,79113,LG,28
2018,79130,SK,28
2018,79140,LG,29
2018,79150,LG,28
2018,79191,KT,32
2018,79192,LG,28
2018,79198,LG,32
2018,79215,OB,28
2018,79222,OB,28
2018,79229,OB,32
2018,79231,OB,28
2018,79240,OB,28
2018,79290,OB,29
2018,79293,LT,33
2018,79300,WO,32
2018,79334,WO,28
2018,79339,LG,28
2018,79356,LT,31
2018,79358,NC,28
2018,79364,NC,32
2018,79365,WO,28
2018,79402,SS,28
2018,79440,SS,28
2018,79453,KT,32
2018,79456,SS,32
2018,79465,SS,32
2018,79530,OB,28
2018,79535,OB,28
2018,79545,LT,29
2018,79608,HT,28
2018,79617,HT,28
2018,79705,HH,33
2018,79764,HH,28
2018,79791,SS,33
2018,79825,LG,32
2018,79847,SK,28
2018,95657,HT,42
2018,99445,SS,38
2018,99563,KT,38
2018,99606,HT,38
2018,99737,HH,42
2018,99810,KT,38
2019,60100,HH,31
2019,60140,HH,32
2019,60146,SS,28
2019,60181,LG,31
2019,60184,HH,28
2019,60263,NC,29
2019,60288,SS,28
2019,60336,WO,28
2019,60337,KT,28
2019,60339,NC,28
2019,60343,KT,32
2019,60523,LT,32
2019,60558,KT,28
2019,60559,LT,30
2019,60566,NC,30
2019,60605,HT,32
2019,60634,HT,28
2019,60648,HT,28
2019,60757,HH,28
2019,60764,KT,28
2019,60768,HH,29
2019,60805,HH,32
2019,60841,SK,28
2019,60845,LG,32
2019,61101,LG,27
2019,61102,LG,27
2019,61104,OB,31
2019,61114,LG,30
2019,61145,LG,27
2019,61186,LG,31
2019,61197,SS,31
2019,61204,LT,31
2019,61208,OB,31
2019,61214,OB,27
2019,61268,WO,27
2019,61295,OB,27
2019,61329,NC,31
2019,61353,SK,30
2019,61360,OB,27
2019,61365,SS,31
2019,61396,OB,27
2019,61404,SS,31
2019,61456,WO,27
2019,61457,SS,31
2019,61554,HH,30
2019,61565,LT,28
2019,61566,LT,27
2019,61591,LT,32
2019,61643,HT,27
2019,61652,SK,31
2019,61666,HT,26
2019,61700,HH,27
2019,61743,SK,27
2019,61767,HH,27
2019,61869,SK,27
2019,61895,SK,27
2019,61896,SK,27
2019,61962,LG,31
2019,62025,NC,30
2019,62056,SK,31
2019,62146,LG,30
2019,62160,SK,25
2019,62164,LG,30
2019,62234,OB,25
2019,62242,OB,30
2019,62244,OB,29
2019,62263,OB,26
2019,62265,HT,30
2019,62294,OB,26
2019,62353,WO,30
2019,62356,WO,26
2019,62360,WO,27
2019,62363,WO,26
2019,62404,SS,26
2019,62409,SS,30
2019,62415,SS,29
2019,62499,SS,26
2019,62528,LT,26
2019,62537,NC,29
2019,62556,LT,30
2019,62558,LT,25
2019,62595,LT,31
2019,62611,HH,30
2019,62637,HT,30
2019,62648,HT,26
2019,62655,LT,30
2019,62668,HT,30
2019,62698,SK,34
2019,62700,HH,25
2019,62754,HT,26
2019,62770,HH,26
2019,62797,HH,30
2019,62802,KT,27
2019,62864,HT,30
2019,62869,SK,30
2019,62884,SK,25
2019,62893,HT,30
2019,62895,SK,30
2019,62907,NC,26
2019,62908,HT,26
2019,62920,NC,30
2019,62921,NC,26
2019,62925,NC,26
2019,62929,NC,26
2019,62931,NC,30
2019,62934,NC,26
2019,62937,WO,30
2019,62947,NC,30
2019,62951,OB,25
2019,63088,KT,32
2019,63103,LG,30
2019,63104,KT,29
2019,63111,LG,36
2019,63123,SK,25
2019,63145,LG,25
2019,63202,OB,25
2019,63248,OB,24
2019,63257,OB,25
2019,63260,HT,25
2019,63292,OB,24
2019,63342,WO,25
2019,63348,WO,30
2019,63360,LG,26
2019,63440,OB,30
2019,63448,KT,26
2019,63450,SK,25
2019,63512,LT,25
2019,63543,LT,29
2019,63558,LT,25
2019,63559,OB,29
2019,63593,LT,29
2019,63619,WO,30
2019,63628,HT,30
2019,63636,HT,29
2019,63638,HT,27
2019,63700,HH,25
2019,63703,HH,25
2019,63704,SK,29
2019,63722,HT,25
2019,63749,HH,25
2019,63765,HH,25
2019,63791,HH,30
2019,63895,SK,25
2019,63903,NC,25
2019,63905,LG,25
2019,63913,LG,29
2019,63920,NC,28
2019,63936,NC,29
2019,63950,NC,24
2019,63959,NC,29
2019,63960,WO,29
2019,63961,HH,25
2019,63963,NC,29
2019,63991,NC,29
2019,64004,KT,24
2019,64006,KT,24
2019,64007,KT,28
2019,64011,KT,27
2019,64012,KT,28
2019,64014,KT,29
2019,64021,LT,24
2019,64022,LT,24
2019,64029,KT,24
2019,64047,KT,25
2019,64051,WO,28
2019,64086,OB,29
2019,64100,LG,24
2019,64117,LG,28
2019,64155,LG,24
2019,64164,LG,24
2019,64166,KT,24
2019,64213,OB,28
2019,64260,OB,24
2019,64266,SS,27
2019,64300,WO,24
2019,64340,WO,24
2019,64346,WO,24
2019,64350,WO,24
2019,64407,SS,24
2019,64410,SS,29
2019,64464,SS,24
2019,64468,SS,23
2019,64469,SS,25
2019,64493,SS,28
2019,64499,SS,28
2019,64501,LT,24
2019,64504,LT,27
2019,64554,HH,27
2019,64560,HT,28
2019,64565,LT,28
2019,64602,HT,28
2019,64615,HT,24
2019,64646,HT,24
2019,64657,HT,28
2019,64706,HH,28
2019,64717,HH,25
2019,64718,LT,27
2019,64724,HH,28
2019,64759,HH,27
2019,64760,HH,24
2019,64768,SK,24
2019,64769,SS,28
2019,64793,SS,28
2019,64802,SK,27
2019,64803,SK,28
2019,64805,SK,24
2019,64868,KT,30
2019,64893,SK,27
2019,64906,KT,27
2019,64984,NC,24
2019,64995,NC,24
2019,65042,NC,26
2019,65048,KT,27
2019,65056,KT,23
2019,65058,KT,23
2019,65060,KT,24
2019,65062,KT,29
2019,65064,OB,27
2019,65067,LT,28
2019,65109,LG,24
2019,65117,LG,23
2019,65132,LG,23
2019,65136,LG,28
2019,65207,LG,23
2019,65269,OB,23
2019,65304,WO,26
2019,65320,WO,22
2019,65343,SK,23
2019,65357,WO,23
2019,65362,WO,23
2019,65398,WO,28
2019,65399,WO,29
2019,65462,SS,24
2019,65464,HT,23
2019,65496,SS,23
2019,65509,LT,23
2019,65515,LT,27
2019,65516,KT,23
2019,65543,OB,32
2019,65546,LT,31
2019,65586,LT,27
2019,65610,HT,23
2019,65616,HT,26
2019,65618,HT,28
2019,65639,HT,23
2019,65643,HT,27
2019,65653,HT,27
2019,65665,HT,27
2019,65696,HT,27
2019,65764,HH,24
2019,65769,HH,24
2019,65801,SK,23
2019,65827,KT,23
2019,65869,SK,27
2019,65898,WO,23
2019,65905,NC,23
2019,65933,NC,22
2019,65964,NC,23
2019,66018,WO,28
2019,66047,KT,22
2019,66052,SK,28
2019,66064,KT,22
2019,66068,WO,22
2019,66108,LG,26
2019,66112,LG,22
2019,66145,LG,22
2019,66160,OB,22
2019,66203,OB,26
2019,66207,OB,23
2019,66291,OB,22
2019,66354,WO,22
2019,66392,WO,26
2019,66398,WO,22
2019,66409,SS,26
2019,66444,SK,27
2019,66451,SS,22
2019,66462,SS,26
2019,66469,SS,22
2019,66492,SS,27
2019,66493,SS,26
2019,66504,LT,23
2019,66508,LT,28
2019,66557,LT,23
2019,66606,HT,22
2019,66609,HT,23
2019,66615,HT,22
2019,66657,HT,22
2019,66662,HT,21
2019,66702,HH,23
2019,66704,HH,22
2019,66706,HH,26
2019,66707,HH,22
2019,66715,HH,25
2019,66741,HH,26
2019,66749,HH,26
2019,66802,SK,22
2019,66833,SK,22
2019,66838,SS,29
2019,66859,SK,26
2019,66864,SK,22
2019,66917,NC,22
2019,66920,NC,22
2019,66960,NC,29
2019,67006,KT,21
2019,67008,KT,30
2019,67025,KT,29
2019,67045,KT,21
2019,67048,KT,22
2019,67066,KT,22
2019,67092,KT,24
2019,67116,LG,21
2019,67119,LG,21
2019,67122,LG,21
2019,67123,LG,21
2019,67202,OB,21
2019,67207,OB,21
2019,67263,OB,25
2019,67266,OB,21
2019,67304,WO,20
2019,67313,WO,31
2019,67341,WO,21
2019,67365,WO,21
2019,67391,WO,21
2019,67419,SS,24
2019,67421,SS,21
2019,67443,SS,22
2019,67450,SS,33
2019,67467,SS,21
2019,67504,LT,21
2019,67539,LT,21
2019,67588,LT,20
2019,67603,WO,20
2019,67604,HT,21
2019,67610,HT,20
2019,67640,HT,21
2019,67644,HT,25
2019,67646,HT,25
2019,67703,HH,25
2019,67737,HH,27
2019,67762,HH,21
2019,67828,WO,25
2019,67863,SK,21
2019,67872,SK,34
2019,67944,NC,28
2019,67962,NC,20
2019,68036,KT,20
2019,68043,KT,20
2019,68050,KT,20
2019,68067,KT,23
2019,68068,KT,20
2019,68069,KT,20
2019,68097,KT,20
2019,68100,LG,20
2019,68130,LG,20
2019,68135,LG,30
2019,68157,LG,24
2019,68159,LG,20
2019,68200,OB,20
2019,68204,OB,20
2019,68205,OB,20
2019,68211,OB,24
2019,68240,OB,31
2019,68249,OB,20
2019,68269,OB,21
2019,68302,WO,20
2019,68330,WO,20
2019,68341,WO,20
2019,68345,WO,32
2019,68346,WO,21
2019,68362,WO,20
2019,68403,SS,20
2019,68407,SS,20
2019,68415,SS,20
2019,68419,SS,24
2019,68453,SS,20
2019,68454,SS,20
2019,68463,SS,20
2019,68466,SS,24
2019,68468,SS,20
2019,68501,LT,20
2019,68518,LT,20
2019,68525,LT,20
2019,68529,LT,21
2019,68556,LT,24
2019,68614,HT,20
2019,68616,HT,21
2019,68639,HT,20
2019,68646,HT,20
2019,68700,HH,20
2019,68701,HH,19
2019,68703,HH,20
2019,68707,HH,20
2019,68730,HH,30
2019,68743,HH,19
2019,68815,SK,30
2019,68830,SK,20
2019,68848,SK,20
2019,68868,SK,20
2019,68869,SK,20
2019,68900,NC,19
2019,68901,NC,20
2019,68904,NC,19
2019,68906,NC,21
2019,68912,NC,20
2019,69032,KT,29
2019,69035,KT,19
2019,69041,KT,18
2019,69045,KT,27
2019,69047,KT,19
2019,69054,KT,24
2019,69055,KT,23
2019,69056,KT,19
2019,69068,KT,19
2019,69100,LG,22
2019,69103,LG,30
2019,69111,LG,25
2019,69134,LG,23
2019,69150,LG,28
2019,69158,LG,24
2019,69159,LG,20
2019,69165,LG,32
2019,69168,LG,19
2019,69203,OB,19
2019,69204,OB,19
2019,69205,OB,19
2019,69206,OB,21
2019,69207,OB,23
2019,69209,OB,31
2019,69238,OB,19
2019,69306,WO,23
2019,69328,WO,19
2019,69332,WO,19
2019,69343,WO,30
2019,69360,WO,20
2019,69393,WO,20
2019,69399,WO,26
2019,69403,SS,19
2019,69405,SS,29
2019,69413,SS,30
2019,69418,SS,19
2019,69428,SS,20
2019,69430,SS,19
2019,69435,SS,28
2019,69439,SS,27
2019,69442,SS,19
2019,69446,SS,19
2019,69453,SS,29
2019,69507,LT,19
2019,69508,LT,23
2019,69516,LT,19
2019,69517,LT,19
2019,69530,LT,28
2019,69539,LT,19
2019,69550,LT,25
2019,69569,LT,29
2019,69585,LT,19
2019,69594,LT,20
2019,69605,HT,32
2019,69620,HT,19
2019,69636,HT,23
2019,69640,HT,28
2019,69643,HT,19
2019,69645,HT,19
2019,69646,HT,27
2019,69652,HT,29
2019,69656,HT,29
2019,69727,HH,19
2019,69737,HH,19
2019,69744,HH,29
2019,69745,HH,19
2019,69748,HH,30
2019,69762,HH,23
2019,69766,HH,19
2019,69767,HH,19
2019,69802,SK,23
2019,69804,SK,24
2019,69813,SK,29
2019,69825,SK,19
2019,69839,SK,19
2019,69860,SK,26
2019,69861,LT,25
2019,69893,SK,19
2019,69901,NC,30
2019,69934,NC,28
2019,69940,NC,31
2019,69950,NC,28
2019,69953,NC,32
2019,69962,NC,19
2019,69965,NC,19
2019,69969,NC,20
2019,69974,NC,20
2019,69984,NC,19
2019,70410,HT,38
2019,70425,OB,38
2019,70756,HT,38
2019,71118,LG,36
2019,71184,LG,38
2019,71432,SS,40
2019,71564,LT,37
2019,71752,HH,37
2019,71837,SK,37
2019,71842,LG,37
2019,71845,SK,37
2019,72133,LG,40
2019,72443,HT,36
2019,72447,OB,36
2019,72456,SS,36
2019,72523,LT,36
2019,72546,LT,36
2019,72862,LT,36
2019,73113,KT,35
2019,73117,SS,34
2019,73136,HH,35
2019,73153,KT,36
2019,73209,SK,35
2019,73213,NC,39
2019,73248,OB,38
2019,73306,NC,35
2019,73342,WO,39
2019,73606,HT,35
2019,73738,HH,35
2019,73750,HH,35
2019,73801,LG,35
2019,74163,HH,34
2019,74167,LG,38
2019,74206,OB,34
2019,74215,KT,34
2019,74339,KT,38
2019,74359,WO,34
2019,74454,SS,38
2019,74465,NC,34
2019,74513,OB,34
2019,74540,SS,34
2019,74543,OB,34
2019,74605,HT,34
2019,74630,LT,34
2019,74729,HH,34
2019,74731,HH,34
2019,74748,SK,35
2019,74838,SK,34
2019,74846,SK,38
2019,74857,HH,34
2019,75125,WO,33
2019,75138,SK,37
2019,75151,SK,33
2019,75250,SK,37
2019,75258,KT,33
2019,75321,LT,37
2019,75334,OB,33
2019,75340,KT,33
2019,75342,WO,33
2019,75421,SS,37
2019,75566,SS,33
2019,75620,HT,33
2019,75730,KT,33
2019,75808,HH,37
2019,75847,SK,32
2019,75867,NC,34
2019,76100,LT,36
2019,76118,NC,32
2019,76158,SK,31
2019,76225,LT,31
2019,76232,NC,32
2019,76249,LT,32
2019,76267,OB,31
2019,76290,LG,31
2019,76313,KT,32
2019,76329,OB,36
2019,76350,HT,32
2019,76355,LG,36
2019,76368,HT,32
2019,76430,WO,31
2019,76455,LG,32
2019,76509,LT,32
2019,76540,LT,32
2019,76610,SS,32
2019,76650,LG,33
2019,76653,HT,32
2019,76720,NC,32
2019,76753,HH,36
2019,76757,NC,33
2019,76802,SK,32
2019,76812,SK,31
2019,76849,NC,32
2019,76858,SK,36
2019,76869,SK,32
2019,77211,OB,30
2019,77243,SK,35
2019,77248,OB,34
2019,77263,OB,31
2019,77318,LT,32
2019,77446,SS,32
2019,77463,LT,37
2019,77532,LT,31
2019,77563,KT,31
2019,77564,LG,31
2019,77591,LT,39
2019,77637,HT,31
2019,77654,KT,31
2019,77829,SK,31
2019,77927,SS,31
2019,78122,NC,30
2019,78135,LG,30
2019,78148,LG,29
2019,78168,WO,30
2019,78217,LG,34
2019,78224,OB,31
2019,78247,OB,29
2019,78288,HH,30
2019,78352,NC,34
2019,78361,LG,30
2019,78366,NC,30
2019,78513,LT,33
2019,78517,KT,30
2019,78548,KT,29
2019,78566,LT,30
2019,78603,HT,30
2019,78629,HT,34
2019,78643,HT,30
2019,78756,HH,30
2019,78813,NC,34
2019,78819,SK,32
2019,79109,LG,29
2019,79113,HT,29
2019,79130,SK,29
2019,79140,LG,30
2019,79150,LG,29
2019,79191,KT,33
2019,79192,LG,29
2019,79198,LG,33
2019,79215,OB,29
2019,79229,OB,33
2019,79231,OB,29
2019,79234,NC,29
2019,79240,OB,29
2019,79290,OB,30
2019,79293,LT,34
2019,79300,WO,33
2019,79334,WO,29
2019,79358,NC,29
2019,79364,HH,33
2019,79365,WO,29
2019,79402,SS,29
2019,79440,SS,29
2019,79456,WO,33
2019,79465,SK,33
2019,79530,LG,29
2019,79535,OB,29
2019,79545,LT,30
2019,79608,HT,29
2019,79617,LG,29
2019,79705,HH,34
2019,79764,HH,29
2019,79825,LG,33
2019,79847,SK,29
2019,99445,SS,39
2020,50030,KT,19
2020,50036,KT,19
2020,50040,KT,33
2020,50054,KT,23
2020,50066,KT,19
2020,50092,KT,19
2020,50096,KT,19
2020,50126,LG,19
2020,50150,LG,26
2020,50157,LG,20
2020,50165,LG,26
2020,50167,LG,19
2020,50202,OB,27
2020,50204,OB,20
2020,50208,OB,19
2020,50211,OB,20
2020,50234,OB,26
2020,50244,OB,19
2020,50262,OB,19
2020,50293,OB,23
2020,50296,OB,19
2020,50298,OB,19
2020,50300,WO,31
2020,50304,WO,19
2020,50354,WO,19
2020,50357,WO,19
2020,50360,WO,19
2020,50365,WO,29
2020,50404,SS,31
2020,50430,SS,19
2020,50441,SS,19
2020,50449,SS,19
2020,50458,SS,19
2020,50464,SS,20
2020,50468,SS,31
2020,50506,LT,28
2020,50524,LT,29
2020,50556,LT,19
2020,50558,LT,32
2020,50563,LT,19
2020,50584,LT,19
2020,50592,LT,19
2020,50596,LT,19
2020,50600,HT,20
2020,50604,HT,20
2020,50636,HT,30
2020,50640,HT,30
2020,50657,HT,19
2020,50662,HT,19
2020,50704,HH,19
2020,50705,HH,23
2020,50707,HH,20
2020,50709,HH,19
2020,50720,HH,19
2020,50726,HH,19
2020,50730,HH,34
2020,50758,HH,19
2020,50813,SK,23
2020,50815,SK,29
2020,50819,SK,23
2020,50835,SK,26
2020,50840,SK,19
2020,50848,SK,19
2020,50854,SK,23
2020,50859,SK,19
2020,50868,SK,24
2020,50900,NC,19
2020,50901,NC,19
2020,50912,NC,30
2020,50923,NC,29
2020,50992,NC,19
2020,50995,NC,20
2020,50996,NC,19
2020,60100,HH,32
2020,60140,HH,33
2020,60146,SS,29
2020,60181,LG,32
2020,60263,NC,30
2020,60264,WO,29
2020,60288,SS,29
2020,60336,WO,29
2020,60337,LG,29
2020,60339,NC,29
2020,60343,HH,33
2020,60523,LT,33
2020,60558,KT,29
2020,60559,LT,31
2020,60566,NC,31
2020,60634,HT,29
2020,60757,HH,29
2020,60768,SK,30
2020,60841,SK,29
2020,60845,LG,33
2020,61101,LG,28
2020,61102,LG,28
2020,61145,LG,28
2020,61156,HH,28
2020,61186,LG,32
2020,61197,SS,32
2020,61204,LT,32
2020,61208,HH,32
2020,61214,HH,28
2020,61268,WO,28
2020,61295,NC,28
2020,61353,SK,31
2020,61365,SS,32
2020,61404,SS,32
2020,61456,WO,28
2020,61457,SS,32
2020,61554,HH,31
2020,61565,LT,29
2020,61566,LT,28
2020,61643,OB,28
2020,61700,HH,28
2020,61743,SK,28
2020,61869,SK,28
2020,61895,SK,28
2020,61962,WO,32
2020,62025,NC,31
2020,62056,SK,32
2020,62146,LG,31
2020,62160,LT,26
2020,62234,HT,26
2020,62242,OB,31
2020,62244,OB,30
2020,62263,HT,27
2020,62265,HT,31
2020,62294,OB,27
2020,62353,WO,31
2020,62356,WO,27
2020,62360,WO,28
2020,62363,WO,27
2020,62404,SS,27
2020,62409,SS,31
2020,62415,SS,30
2020,62499,SS,27
2020,62528,LT,27
2020,62537,NC,30
2020,62556,LT,31
2020,62558,LT,26
2020,62595,LT,32
2020,62611,HH,31
2020,62648,HT,27
2020,62655,NC,31
2020,62700,HH,26
2020,62754,HT,27
2020,62797,HH,31
2020,62802,KT,28
2020,62864,HT,31
2020,62869,SK,31
2020,62884,SK,26
2020,62893,HT,31
2020,62895,SK,31
2020,62907,NC,27
2020,62908,HT,27
2020,62920,SS,31
2020,62925,NC,27
2020,62931,NC,31
2020,62934,NC,27
2020,62937,WO,31
2020,62947,NC,31
2020,62951,OB,26
2020,63103,LG,31
2020,63104,KT,30
2020,63145,LG,26
2020,63202,OB,26
2020,63248,OB,25
2020,63257,OB,26
2020,63260,HT,26
2020,63292,OB,25
2020,63342,WO,26
2020,63348,WO,31
2020,63435,SS,26
2020,63440,SK,31
2020,63448,KT,27
2020,63450,SK,26
2020,63464,HH,26
2020,63492,SS,26
2020,63512,LT,26
2020,63543,LT,30
2020,63559,OB,30
2020,63628,HT,31
2020,63634,SK,30
2020,63636,HT,30
2020,63638,HT,28
2020,63700,HH,26
2020,63703,HH,26
2020,63704,HH,30
2020,63722,HT,26
2020,63765,HH,26
2020,63791,HH,31
2020,63894,SK,26
2020,63895,LT,26
2020,63903,NC,26
2020,63905,LG,26
2020,63913,LG,30
2020,63920,NC,29
2020,63950,NC,25
2020,63959,NC,30
2020,63961,HH,26
2020,63963,NC,30
2020,63991,NC,30
2020,64004,KT,25
2020,64006,KT,25
2020,64007,KT,29
2020,64011,KT,28
2020,64012,KT,29
2020,64014,KT,30
2020,64021,LT,25
2020,64029,KT,25
2020,64041,KT,25
2020,64047,KT,26
2020,64051,WO,29
2020,64086,OB,30
2020,64100,LG,25
2020,64101,LG,26
2020,64115,LG,25
2020,64164,LG,25
2020,64166,KT,25
2020,64198,OB,25
2020,64213,OB,29
2020,64260,SK,25
2020,64266,SS,28
2020,64300,WO,25
2020,64340,WO,25
2020,64346,WO,25
2020,64407,SS,25
2020,64410,SS,30
2020,64464,SS,25
2020,64468,SS,24
2020,64469,SS,26
2020,64493,SS,29
2020,64498,SS,25
2020,64499,SS,29
2020,64501,LT,25
2020,64504,LT,28
2020,64554,HH,28
2020,64560,HT,29
2020,64565,LT,29
2020,64596,LT,26
2020,64602,HT,29
2020,64615,HT,25
2020,64646,HT,25
2020,64657,WO,29
2020,64697,HT,24
2020,64704,HH,25
2020,64717,LT,26
2020,64718,LT,28
2020,64759,HH,28
2020,64760,HH,25
2020,64768,SK,25
2020,64793,SS,29
2020,64805,OB,25
2020,64861,SK,25
2020,64868,KT,31
2020,64890,SK,25
2020,64893,SK,28
2020,64895,LG,25
2020,64906,KT,28
2020,64907,KT,30
2020,64984,NC,25
2020,64995,NC,25
2020,65040,KT,24
2020,65042,NC,27
2020,65048,KT,28
2020,65057,KT,28
2020,65058,KT,24
2020,65060,KT,25
2020,65062,KT,30
2020,65109,LG,25
2020,65117,LG,24
2020,65132,LG,24
2020,65136,LG,29
2020,65207,LG,24
2020,65241,OB,25
2020,65304,WO,27
2020,65320,WO,23
2020,65343,SK,24
2020,65348,WO,24
2020,65362,WO,24
2020,65398,WO,29
2020,65399,WO,30
2020,65411,SK,24
2020,65464,HT,24
2020,65496,SS,24
2020,65503,HH,24
2020,65506,LT,28
2020,65509,WO,24
2020,65513,LT,28
2020,65514,LT,24
2020,65515,LT,28
2020,65516,KT,24
2020,65586,WO,28
2020,65610,HT,24
2020,65616,HT,27
2020,65618,HT,29
2020,65639,HT,24
2020,65643,HT,28
2020,65653,HT,28
2020,65665,HT,28
2020,65696,HT,28
2020,65764,HH,25
2020,65769,HH,25
2020,65801,SK,24
2020,65827,KT,24
2020,65844,SS,24
2020,65869,SK,28
2020,65898,WO,24
2020,65905,NC,24
2020,65933,NC,23
2020,66005,KT,27
2020,66018,WO,29
2020,66039,KT,23
2020,66047,KT,23
2020,66052,SK,29
2020,66069,KT,27
2020,66108,LG,27
2020,66113,LG,28
2020,66145,LG,23
2020,66203,OB,27
2020,66291,OB,23
2020,66305,WO,26
2020,66354,WO,23
2020,66409,SS,27
2020,66451,SS,23
2020,66462,KT,27
2020,66493,SS,27
2020,66556,LT,23
2020,66557,LT,24
2020,66606,HT,23
2020,66609,HT,24
2020,66614,HT,23
2020,66630,HT,23
2020,66657,HT,23
2020,66660,HT,24
2020,66663,HT,27
2020,66702,HH,24
2020,66706,HH,27
2020,66707,HH,23
2020,66749,LT,27
2020,66801,SK,23
2020,66803,SK,24
2020,66838,SS,30
2020,66859,SK,27
2020,66917,NC,23
2020,66920,NC,23
2020,66928,NC,23
2020,66960,SK,30
2020,67008,KT,31
2020,67025,KT,30
2020,67045,KT,22
2020,67048,KT,23
2020,67092,KT,25
2020,67116,LG,22
2020,67119,LG,22
2020,67207,OB,22
2020,67246,OB,27
2020,67259,OB,22
2020,67263,OB,26
2020,67265,OB,22
2020,67266,OB,22
2020,67304,WO,21
2020,67313,WO,32
2020,67341,WO,22
2020,67365,WO,22
2020,67391,WO,22
2020,67421,SS,22
2020,67443,SS,23
2020,67467,SS,22
2020,67504,LT,22
2020,67539,LT,22
2020,67588,LT,21
2020,67591,LT,26
2020,67603,WO,21
2020,67644,HT,26
2020,67646,HT,26
2020,67703,HH,26
2020,67737,HH,28
2020,67828,WO,26
2020,67863,SK,22
2020,67872,SK,35
2020,67954,NC,22
2020,67956,NC,22
2020,67962,NC,21
2020,68043,KT,21
2020,68050,KT,21
2020,68106,LG,21
2020,68135,LG,31
2020,68200,OB,21
2020,68204,OB,21
2020,68211,OB,25
2020,68249,OB,21
2020,68269,OB,22
2020,68302,WO,21
2020,68305,WO,23
2020,68341,WO,21
2020,68346,WO,22
2020,68362,LT,21
2020,68403,SS,21
2020,68407,SS,21
2020,68415,SS,21
2020,68419,SS,25
2020,68453,SS,21
2020,68463,SS,21
2020,68466,SS,25
2020,68501,LT,21
2020,68518,LT,21
2020,68525,LT,21
2020,68529,LT,22
2020,68592,LT,21
2020,68616,HT,22
2020,68639,HT,21
2020,68646,HT,21
2020,68701,HH,20
2020,68703,HH,21
2020,68730,HH,31
2020,68743,HH,20
2020,68830,SK,21
2020,68868,SK,21
2020,68869,SK,21
2020,68900,NC,20
2020,68902,NC,21
2020,68904,NC,20
2020,68910,NC,25
2020,68912,NC,21
2020,69032,KT,30
2020,69035,KT,20
2020,69041,KT,19
2020,69045,OB,28
2020,69054,KT,25
2020,69055,KT,24
2020,69056,KT,20
2020,69068,KT,20
2020,69098,KT,24
2020,69100,LG,23
2020,69103,LG,31
2020,69105,LG,20
2020,69111,LG,26
2020,69134,LG,24
2020,69159,LG,21
2020,69168,LG,20
2020,69203,OB,20
2020,69204,OB,20
2020,69205,OB,20
2020,69207,OB,24
2020,69208,OB,21
2020,69209,OB,32
2020,69238,OB,20
2020,69306,WO,24
2020,69328,WO,20
2020,69332,WO,20
2020,69343,WO,31
2020,69360,WO,21
2020,69393,WO,21
2020,69399,WO,27
2020,69403,SS,20
2020,69418,SS,20
2020,69439,SS,28
2020,69442,SS,20
2020,69446,SS,20
2020,69453,SS,30
2020,69508,LT,24
2020,69516,HT,20
2020,69517,LT,20
2020,69539,LT,20
2020,69592,LT,21
2020,69620,HT,20
2020,69636,HT,24
2020,69643,HT,20
2020,69646,HT,28
2020,69652,HT,30
2020,69702,HH,20
2020,69704,HH,21
2020,69705,HH,20
2020,69727,HH,20
2020,69737,HH,20
2020,69744,HH,30
2020,69745,HH,20
2020,69748,HH,31
2020,69762,HH,24
2020,69766,HH,20
2020,69804,SK,25
2020,69813,SK,30
2020,69825,SK,20
2020,69839,SK,20
2020,69860,SK,27
2020,69893,SK,20
2020,69940,NC,32
2020,69962,NC,20
2020,69969,NC,21
2020,69974,NC,21
2020,69992,NC,20
2020,69995,NC,24
2020,70410,HT,39
2020,71184,LG,39
2020,71564,LT,38
2020,71752,HH,38
2020,71837,SK,38
2020,71842,OB,38
2020,72133,LG,41
2020,72443,HT,37
2020,72447,OB,37
2020,72523,LT,37
2020,73113,KT,36
2020,73117,SS,35
2020,73136,HH,36
2020,73209,HT,36
2020,73211,LT,36
2020,73248,OB,39
2020,73306,NC,36
2020,73342,WO,40
2020,73738,HH,36
2020,73750,HH,36
2020,73801,LG,36
2020,74163,HH,35
2020,74206,OB,35
2020,74215,SK,35
2020,74339,KT,39
2020,74359,WO,35
2020,74454,SS,39
2020,74465,NC,35
2020,74513,OB,35
2020,74540,SS,35
2020,74729,HH,35
2020,74731,HH,35
2020,74838,SK,35
2020,74857,HH,35
2020,75125,WO,34
2020,75138,SK,38
2020,75151,SK,34
2020,75258,KT,34
2020,75334,OB,34
2020,75340,KT,34
2020,75342,KT,34
2020,75421,SS,38
2020,75566,SS,34
2020,75808,LG,38
2020,75847,SK,33
2020,75867,NC,35
2020,76100,LT,37
2020,76118,NC,33
2020,76158,HH,32
2020,76225,LT,32
2020,76232,NC,33
2020,76249,LT,33
2020,76267,OB,32
2020,76290,LG,32
2020,76313,KT,33
2020,76329,OB,37
2020,76350,SK,33
2020,76355,LT,37
2020,76368,HT,33
2020,76430,WO,32
2020,76455,LG,33
2020,76509,HH,33
2020,76540,LT,33
2020,76650,LG,34
2020,76720,NC,33
2020,76753,HH,37
2020,76757,KT,34
2020,76802,SK,33
2020,76812,SK,32
2020,76849,NC,33
2020,76858,SK,37
2020,76869,SK,33
2020,77211,OB,31
2020,77243,KT,36
2020,77248,OB,35
2020,77263,OB,32
2020,77318,HH,33
2020,77446,SS,33
2020,77463,SK,38
2020,77532,LT,32
2020,77563,KT,32
2020,77564,LG,32
2020,77591,LT,40
2020,77637,HT,32
2020,77654,KT,32
2020,77927,SS,32
2020,78122,NC,31
2020,78135,LG,31
2020,78148,LG,30
2020,78168,WO,31
2020,78217,LG,35
2020,78224,OB,32
2020,78247,HT,30
2020,78288,HH,31
2020,78352,NC,35
2020,78361,LG,31
2020,78513,LT,34
2020,78517,KT,31
2020,78536,LT,36
2020,78548,KT,30
2020,78603,HT,31
2020,78629,HT,35
2020,78643,HT,31
2020,78756,HH,31
2020,78813,NC,35
2020,78819,LG,33
2020,79109,LG,30
2020,79113,HT,30
2020,79130,SK,30
2020,79140,LG,31
2020,79150,LG,30
2020,79192,LG,30
2020,79215,OB,30
2020,79229,OB,34
2020,79231,OB,30
2020,79240,OB,30
2020,79290,OB,31
2020,79293,LT,35
2020,79334,HT,30
2020,79358,NC,30
2020,79364,HH,34
2020,79365,WO,30
2020,79402,SS,30
2020,79440,SS,30
2020,79456,WO,34
2020,79530,LG,30
2020,79545,LT,31
2020,79608,LT,30
2020,79617,LG,30
2020,79705,HH,35
2020,79764,HH,30
2020,79825,LG,34
2020,79847,SK,30
2020,99445,SS,40
